Metric,Value
Loss,0.930475652217865
Accuracy,0.6602086424827576
